guest,cluster,episode
Jared Kushner,Creators & Artists,399
Sundar Pichai,Historians & Storytellers,471
Demis Hassabis,Historians & Storytellers,475
Tulsi Gabbard,Philosophers & Seekers,423
Robert F Kennedy Jr,Philosophers & Seekers,388
Elon Musk,Philosophers & Seekers,400
Julia Shaw,Political Minds,483
Gregory Aldrete,Political Minds,443
Mohammed El Kurd,Political Minds,391
Vejas Liulevicius,Political Minds,444
Saagar Enjeti,Political Minds,454
Dave Smith,Political Minds,464
Jordan Jonas,Political Minds,437
Greg Lukianoff,Political Minds,397
Elon Musk And Neuralink Team,Political Minds,438
Craig Jones,Political Minds,439
Dhh David Heinemeier Hansson,Political Minds,474
Bassem Youssef,Political Minds,424
Annie Jacobsen,Political Minds,420
Javier Milei,Scientists & Thinkers,453
Jeffrey Wasserstrom,Scientists & Thinkers,466
Narendra Modi,Scientists & Thinkers,460
Cenk Uygur,Scientists & Thinkers,441
Volodymyr Zelenskyy,Scientists & Thinkers,456
Vivek Ramaswamy,Scientists & Thinkers,445
Ivanka Trump,Scientists & Thinkers,436
Jennifer Burns,Scientists & Thinkers,457
Dario Amodei,Tech Visionaries,452
Bernie Sanders,Tech Visionaries,450
Graham Hancock,Tech Visionaries,449
Jordan Peterson,Tech Visionaries,448
Cursor Team,Tech Visionaries,447
Ed Barnhart,Tech Visionaries,446
Adam Frank,Tech Visionaries,455
Rick Spence,Tech Visionaries,451
Andrew Huberman,Tech Visionaries,435
Deepseek Dylan Patel Nathan Lambert,Tech Visionaries,459
Irving Finkel,Tech Visionaries,487
Michael Levin,Tech Visionaries,486
David Kirtley,Tech Visionaries,485
Dan Houser,Tech Visionaries,484
Pavel Durov,Tech Visionaries,482
Norman Ohler,Tech Visionaries,481
Dave Hone,Tech Visionaries,480
Dave Plummer,Tech Visionaries,479
Keyu Jin,Tech Visionaries,477
Marc Andreessen,Tech Visionaries,458
Jack Weatherford,Tech Visionaries,476
Terence Tao,Tech Visionaries,472
James Holland,Tech Visionaries,470
Oliver Anthony,Tech Visionaries,469
Janna Levin,Tech Visionaries,468
Tim Sweeney,Tech Visionaries,467
Robert Rodriguez,Tech Visionaries,465
Donald Trump,Tech Visionaries,442
Ezra Klein And Derek Thompson,Tech Visionaries,462
Theprimeagen,Tech Visionaries,461
Iran War Debate,Tech Visionaries,473
Douglas Murray,Tech Visionaries,463
Paul Rosolie,Tech Visionaries,489
Joel David Hamkins,Tech Visionaries,488
Matthew Cox,Tech Visionaries,409
Tal Wilkenfeld,Tech Visionaries,408
Teddy Atlas,Tech Visionaries,406
Jeff Bezos,Tech Visionaries,405
Lee Cronin,Tech Visionaries,404
Lisa Randall,Tech Visionaries,403
Michael Malice,Tech Visionaries,402
John Mearsheimer,Tech Visionaries,401
Mark Zuckerberg,Tech Visionaries,398
James Sexton,Tech Visionaries,396
Walter Isaacson,Tech Visionaries,395
Neri Oxman,Tech Visionaries,394
Andrew Huberman,Tech Visionaries,393
Benjamin Netanyahu,Tech Visionaries,389
George Hotz,Tech Visionaries,387
Ben Shapiro,Tech Visionaries,336
Nick Lane,Tech Visionaries,318
Pieter Levels,Tech Visionaries,440
Omar Suleiman,Tech Visionaries,411
Ben Shapiro Destiny Debate,Tech Visionaries,410
Bill Ackman,Tech Visionaries,413
Aravind Srinivas,Tech Visionaries,434
Sara Walker,Tech Visionaries,433
Kevin Spacey,Tech Visionaries,432
Roman Yampolskiy,Tech Visionaries,431
Charan Ranganath,Tech Visionaries,430
Paul Rosolie,Tech Visionaries,429
Sean Carroll,Tech Visionaries,428
Marc Raibert,Tech Visionaries,412
Edward Gibson,Tech Visionaries,426
Neil Adams,Tech Visionaries,427
Mark Cuban,Tech Visionaries,422
Dana White,Tech Visionaries,421
Sam Altman,Tech Visionaries,419
Israel Palestine Debate,Tech Visionaries,418
Kimbal Musk,Tech Visionaries,417
Yann Lecun,Tech Visionaries,416
Serhii Plokhy,Tech Visionaries,415
Tucker Carlson,Tech Visionaries,414
Andrew Callaghan,Tech Visionaries,425
Joscha Bach,Warriors & Athletes,392
Yuval Noah Harari,Warriors & Athletes,390
Guillaume Verdon,Warriors & Athletes,407
Jimmy Wales,Warriors & Athletes,385
Michael Saylor,Warriors & Athletes,276
