episode_number,guest,title,title_topics,chapter_topics,all_topics
276,Michael Saylor,"Bitcoin, Inflation, and the Future of Money",Bitcoin; Inflation; and the Future of Money,Grading our understanding; Inflation; Government; War and power; Dematerializing information; Digital energy and assets; Oil barrel vs Bitcoin; Layers of Bitcoin; Bitcoin’s role during wartime; Jack Dorsey; Bitcoin conflict of interest; Satoshi Nakamoto; Volatility; Bitcoin price; Twitter verification; Second best crypto; Dogecoin; Elon Musk; Advice for young people; Mortality; Meaning of life,Bitcoin; Inflation; and the Future of Money; Grading our understanding; Inflation; Government; War and power; Dematerializing information; Digital energy and assets; Oil barrel vs Bitcoin; Layers of Bitcoin; Bitcoin’s role during wartime; Jack Dorsey; Bitcoin conflict of interest; Satoshi Nakamoto; Volatility; Bitcoin price; Twitter verification; Second best crypto; Dogecoin; Elon Musk; Advice for young people; Mortality; Meaning of life
318,Nick Lane,"Origin of Life, Evolution, Aliens, Biology, and Consciousness",Origin of Life; Evolution; Aliens; Biology; and Consciousness,Origin of life; Panspermia; What is life?; Photosynthesis; Prokaryotic vs eukaryotic cells; Sex; DNA; Violence; Human evolution; Neanderthals; Sensory inputs; Consciousness; AI and biology; Evolution; Fermi paradox; Cities; Depression; Writing; Advice for young people; Earth,Origin of Life; Evolution; Aliens; Biology; and Consciousness; Origin of life; Panspermia; What is life?; Photosynthesis; Prokaryotic vs eukaryotic cells; Sex; DNA; Violence; Human evolution; Neanderthals; Sensory inputs; Consciousness; AI and biology; Evolution; Fermi paradox; Cities; Depression; Writing; Advice for young people; Earth
336,Ben Shapiro,"Politics, Kanye, Trump, Biden, Hitler, Extremism, and War",Politics; Kanye; Trump; Biden; Hitler; Extremism; and War,Kanye ‘Ye’ West; Hitler and the nature of evil; Political attacks on the left and the right; Quebec mosque shooting; Elon Musk buying Twitter; Trump and Biden; Hunter Biden’s laptop; Candace Owens; War in Ukraine; Rhetoric vs truth; Infamous BBC interview; Day in the life; Abortion; Climate change; God and faith; Tribalism; Advice for young people; Andrew Breitbart; Self-doubt; Love,Politics; Kanye; Trump; Biden; Hitler; Extremism; and War; Kanye ‘Ye’ West; Hitler and the nature of evil; Political attacks on the left and the right; Quebec mosque shooting; Elon Musk buying Twitter; Trump and Biden; Hunter Biden’s laptop; Candace Owens; War in Ukraine; Rhetoric vs truth; Infamous BBC interview; Day in the life; Abortion; Climate change; God and faith; Tribalism; Advice for young people; Andrew Breitbart; Self-doubt; Love
385,Jimmy Wales,Wikipedia,Wikipedia,Origin story of Wikipedia; Design of Wikipedia; Number of articles on Wikipedia; Wikipedia pages for living persons; ChatGPT; Wikipedia’s political bias; Conspiracy theories; Facebook; Twitter; Building Wikipedia; Wikipedia funding; ChatGPT vs Wikipedia; Larry Sanger; Twitter files; Government and censorship; Adolf Hitler’s Wikipedia page; Future of Wikipedia; Advice for young people; Meaning of life,Wikipedia; Origin story of Wikipedia; Design of Wikipedia; Number of articles on Wikipedia; Wikipedia pages for living persons; ChatGPT; Wikipedia’s political bias; Conspiracy theories; Facebook; Twitter; Building Wikipedia; Wikipedia funding; ChatGPT vs Wikipedia; Larry Sanger; Twitter files; Government and censorship; Adolf Hitler’s Wikipedia page; Future of Wikipedia; Advice for young people; Meaning of life
387,George Hotz,"Tiny Corp, Twitter, AI Safety, Self-Driving, GPT, AGI & God",Tiny Corp; Twitter; AI Safety; Self-Driving; GPT; AGI; God,Time is an illusion; Memes; Eliezer Yudkowsky; Virtual reality; AI friends; tiny corp; NVIDIA vs AMD; tinybox; Self-driving; Programming; AI safety; Working at Twitter; Prompt engineering; Video games; Andrej Karpathy; Meaning of life,Tiny Corp; Twitter; AI Safety; Self-Driving; GPT; AGI; God; Time is an illusion; Memes; Eliezer Yudkowsky; Virtual reality; AI friends; tiny corp; NVIDIA vs AMD; tinybox; Self-driving; Programming; AI safety; Working at Twitter; Prompt engineering; Video games; Andrej Karpathy; Meaning of life
388,Robert F Kennedy Jr,"Robert F. Kennedy Jr CIA, Power, Corruption, War, Freedom, and Meaning",Robert F. Kennedy Jr CIA; Power; Corruption; War; Freedom; and Meaning,US history; Freedom; Camus; Hitler and WW2; War in Ukraine; JFK and the Cuban Missile Crisis; JFK assassination conspiracy; CIA influence; 2024 elections; Jordan Peterson; Anthony Fauci; Big Pharma; Peter Hotez; Exercise and diet; God,Robert F. Kennedy Jr CIA; Power; Corruption; War; Freedom; and Meaning; US history; Freedom; Camus; Hitler and WW2; War in Ukraine; JFK and the Cuban Missile Crisis; JFK assassination conspiracy; CIA influence; 2024 elections; Jordan Peterson; Anthony Fauci; Big Pharma; Peter Hotez; Exercise and diet; God
389,Benjamin Netanyahu,"Israel, Palestine, Power, Corruption, Hate, and Peace",Israel; Palestine; Power; Corruption; Hate; and Peace,Hate; Judicial reform and protests; AI; Competition; Power and corruption; Peace; War in Ukraine; Abraham Accords; History; Survival,Israel; Palestine; Power; Corruption; Hate; and Peace; Hate; Judicial reform and protests; AI; Competition; Power and corruption; Peace; War in Ukraine; Abraham Accords; History; Survival
390,Yuval Noah Harari,"Human Nature, Intelligence, Power, and Conspiracies",Human Nature; Intelligence; Power; and Conspiracies,Intelligence; Origin of humans; Suffering; Hitler; Benjamin Netanyahu; Peace in Ukraine; Conspiracy theories; AI safety; How to think; Advice for young people; Love; Mortality; Meaning of life,Human Nature; Intelligence; Power; and Conspiracies; Intelligence; Origin of humans; Suffering; Hitler; Benjamin Netanyahu; Peace in Ukraine; Conspiracy theories; AI safety; How to think; Advice for young people; Love; Mortality; Meaning of life
391,Mohammed El Kurd,Mohammed El-Kurd Palestine,Mohammed El-Kurd Palestine,Palestine; Hate; Antisemitism; Peace in the Middle East; West Bank; Hamas; Two-state solution; Jerusalem; Role of the US; Ghassan Kanafani; 2024 Elections; Poetry; Language; Hope,Mohammed El-Kurd Palestine; Palestine; Hate; Antisemitism; Peace in the Middle East; West Bank; Hamas; Two-state solution; Jerusalem; Role of the US; Ghassan Kanafani; 2024 Elections; Poetry; Language; Hope
392,Joscha Bach,"Life, Intelligence, Consciousness, AI & the Future of Humans",Life; Intelligence; Consciousness; AI; the Future of Humans,Stages of life; Identity; Enlightenment; Adaptive Resonance Theory; Panpsychism; How to think; Plants communication; Fame; Happiness; Artificial consciousness; Suffering; Eliezer Yudkowsky; e/acc (Effective Accelerationism); Mind uploading; Vision Pro; Open source AI; Twitter; Advice for young people; Meaning of life,Life; Intelligence; Consciousness; AI; the Future of Humans; Stages of life; Identity; Enlightenment; Adaptive Resonance Theory; Panpsychism; How to think; Plants communication; Fame; Happiness; Artificial consciousness; Suffering; Eliezer Yudkowsky; e/acc (Effective Accelerationism); Mind uploading; Vision Pro; Open source AI; Twitter; Advice for young people; Meaning of life
393,Andrew Huberman,"Relationships, Drama, Betrayal, Sex, and Love",Relationships; Drama; Betrayal; Sex; and Love,Exercise routine; Advice to younger self; Jungian shadow; Betrayal and loyalty; Drama; Chimp Empire; Overt vs covert contracts; Age and health; Sexual selection; Relationships; Fertility; Productivity; Family,Relationships; Drama; Betrayal; Sex; and Love; Exercise routine; Advice to younger self; Jungian shadow; Betrayal and loyalty; Drama; Chimp Empire; Overt vs covert contracts; Age and health; Sexual selection; Relationships; Fertility; Productivity; Family
394,Neri Oxman,"Biology, Art, and Science of Design & Engineering with Nature",Biology; Art; and Science of Design; Engineering with Nature,Biomass vs anthropomass; Computational templates; Biological hero organisms; Engineering with bacteria; Plant communication; Albert Einstein letter; Beauty; Faith; Flaws; Extinction; Alien life; Music; Movies; Advice for young people,Biology; Art; and Science of Design; Engineering with Nature; Biomass vs anthropomass; Computational templates; Biological hero organisms; Engineering with bacteria; Plant communication; Albert Einstein letter; Beauty; Faith; Flaws; Extinction; Alien life; Music; Movies; Advice for young people
395,Walter Isaacson,"Elon Musk, Steve Jobs, Einstein, Da Vinci & Ben Franklin",Elon Musk; Steve Jobs; Einstein; Da Vinci; Ben Franklin,Difficult childhood; Jennifer Doudna; Einstein; Tesla; Elon Musk’s humor; Steve Jobs’ cruelty; Twitter; Firing; Hiring; Time management; Groups vs individuals; Mortality; How to write; Love & relationships; Advice for young people,Elon Musk; Steve Jobs; Einstein; Da Vinci; Ben Franklin; Difficult childhood; Jennifer Doudna; Einstein; Tesla; Elon Musk’s humor; Steve Jobs’ cruelty; Twitter; Firing; Hiring; Time management; Groups vs individuals; Mortality; How to write; Love & relationships; Advice for young people
396,James Sexton,"Divorce Lawyer on Marriage, Relationships, Sex, Lies & Love",Divorce Lawyer on Marriage; Relationships; Sex; Lies; Love,"Why marriages fail; Sex and fetishes; Breakups; Johnny Depp and Amber Heard; Complicated divorce cases; Cheating with the nanny; Relationship advice; Cost of divorce; Prenups; Cheating; Open marriages and threesomes; Sex and fighting; Kevin Costner’s divorce; Lying; Productivity; Jiu Jitsu; Sex, love, and marriage","Divorce Lawyer on Marriage; Relationships; Sex; Lies; Love; Why marriages fail; Sex and fetishes; Breakups; Johnny Depp and Amber Heard; Complicated divorce cases; Cheating with the nanny; Relationship advice; Cost of divorce; Prenups; Cheating; Open marriages and threesomes; Sex and fighting; Kevin Costner’s divorce; Lying; Productivity; Jiu Jitsu; Sex, love, and marriage"
397,Greg Lukianoff,"Cancel Culture, Deplatforming, Censorship & Free Speech",Cancel Culture; Deplatforming; Censorship; Free Speech,"Cancel culture & freedom of speech; Left-wing vs right-wing cancel culture; Religion; College rankings by freedom of speech; Deplatforming; Whataboutism; Steelmanning; How the left argues; Diversity, equity, and inclusion; Why colleges lean left; How the right argues; Hate speech; Platforming; Social media; Depression; Hope","Cancel Culture; Deplatforming; Censorship; Free Speech; Cancel culture & freedom of speech; Left-wing vs right-wing cancel culture; Religion; College rankings by freedom of speech; Deplatforming; Whataboutism; Steelmanning; How the left argues; Diversity, equity, and inclusion; Why colleges lean left; How the right argues; Hate speech; Platforming; Social media; Depression; Hope"
398,Mark Zuckerberg,First Interview in the Metaverse,First Interview in the Metaverse,Metaverse; Quest 3; Nature of reality; AI in the Metaverse; Large language models; Future of humanity,First Interview in the Metaverse; Metaverse; Quest 3; Nature of reality; AI in the Metaverse; Large language models; Future of humanity
399,Jared Kushner,"Israel, Palestine, Hamas, Gaza, Iran, and the Middle East",Israel; Palestine; Hamas; Gaza; Iran; and the Middle East,Hamas attack on Israel; Response to attack; History of Hamas; Iran; Al-Aqsa Mosque; Abraham Accords; Trump vs Biden on Middle East; Israeli-Saudi Normalization; How the Israel-Gaza war ends; Benjamin Netanyahu; Palestinian support; Trump 2024; Human nature; Geopolitics and negotiation; North Korea; Personalities of leaders; Government bureaucracy; Accusations of collusion with Russia; Ivanka; Father; Money and power; Trust and betrayal; Mohammed bin Salman; Israeli–Palestinian peace process; Abraham Accords and Arab-Israeli normalization; Donald Trump; War in Ukraine; Vladimir Putin; China; Learning process; Hope for the future,Israel; Palestine; Hamas; Gaza; Iran; and the Middle East; Hamas attack on Israel; Response to attack; History of Hamas; Iran; Al-Aqsa Mosque; Abraham Accords; Trump vs Biden on Middle East; Israeli-Saudi Normalization; How the Israel-Gaza war ends; Benjamin Netanyahu; Palestinian support; Trump 2024; Human nature; Geopolitics and negotiation; North Korea; Personalities of leaders; Government bureaucracy; Accusations of collusion with Russia; Ivanka; Father; Money and power; Trust and betrayal; Mohammed bin Salman; Israeli–Palestinian peace process; Abraham Accords and Arab-Israeli normalization; Donald Trump; War in Ukraine; Vladimir Putin; China; Learning process; Hope for the future
400,Elon Musk,"War, AI, Aliens, Politics, Physics, Video Games, and Humanity",War; AI; Aliens; Politics; Physics; Video Games; and Humanity,War and human nature; Israel-Hamas war; Military-Industrial Complex; War in Ukraine; China; xAI Grok; Aliens; God; Diablo 4 and video games; Dystopian worlds: 1984 and Brave New World; AI and useful compute per watt; AI regulation; Should AI be open-sourced?; X algorithm; 2024 presidential elections; Politics; Trust; Tesla’s Autopilot and Optimus robot; Hardships,War; AI; Aliens; Politics; Physics; Video Games; and Humanity; War and human nature; Israel-Hamas war; Military-Industrial Complex; War in Ukraine; China; xAI Grok; Aliens; God; Diablo 4 and video games; Dystopian worlds: 1984 and Brave New World; AI and useful compute per watt; AI regulation; Should AI be open-sourced?; X algorithm; 2024 presidential elections; Politics; Trust; Tesla’s Autopilot and Optimus robot; Hardships
401,John Mearsheimer,"Israel-Palestine, Russia-Ukraine, China, NATO, and WW3",Israel-Palestine; Russia-Ukraine; China; NATO; and WW3,Power; Hitler; Russia and Ukraine; Israel and Palestine; China; Life and mortality,Israel-Palestine; Russia-Ukraine; China; NATO; and WW3; Power; Hitler; Russia and Ukraine; Israel and Palestine; China; Life and mortality
402,Michael Malice,Thanksgiving Pirate Special,Thanksgiving Pirate Special,"Beauty and mantis shrimp; Parrots, Pirates, and Monty Python; Humor and absurdity; Thanksgiving; Unboxing the mystery box; Karl Marx and religion; Art; Books; How to be happy; Depression; Fear; Betrayal","Thanksgiving Pirate Special; Beauty and mantis shrimp; Parrots, Pirates, and Monty Python; Humor and absurdity; Thanksgiving; Unboxing the mystery box; Karl Marx and religion; Art; Books; How to be happy; Depression; Fear; Betrayal"
403,Lisa Randall,"Dark Matter, Theoretical Physics, and Extinction Events",Dark Matter; Theoretical Physics; and Extinction Events,Dark matter; Extinction events; Particle physics; Physics vs mathematics,Dark Matter; Theoretical Physics; and Extinction Events; Dark matter; Extinction events; Particle physics; Physics vs mathematics
404,Lee Cronin,Controversial Nature Paper on Evolution of Life and Universe,Controversial Nature Paper on Evolution of Life; Universe,Assembly theory paper; Assembly equation; Discovering alien life; Evolution of life on Earth; Response to criticism; Kolmogorov complexity; Nature review process; Time and free will; Communication with aliens; Cellular automata; AGI; Nuclear weapons; Chem Machina; GPT for electron density; God,Controversial Nature Paper on Evolution of Life; Universe; Assembly theory paper; Assembly equation; Discovering alien life; Evolution of life on Earth; Response to criticism; Kolmogorov complexity; Nature review process; Time and free will; Communication with aliens; Cellular automata; AGI; Nuclear weapons; Chem Machina; GPT for electron density; God
405,Jeff Bezos,Amazon and Blue Origin,Amazon; Blue Origin,Ranch; Space; Physics; New Glenn; Lunar program; Amazon; Principles; Productivity; Future of humanity,Amazon; Blue Origin; Ranch; Space; Physics; New Glenn; Lunar program; Amazon; Principles; Productivity; Future of humanity
406,Teddy Atlas,"Mike Tyson, Cus D'Amato, Boxing, Loyalty, Fear & Greatness",Mike Tyson; Cus D'Amato; Boxing; Loyalty; Fear; Greatness,Lessons from father; Scar story; Cus D’Amato; Mike Tyson; Forgiveness,Mike Tyson; Cus D'Amato; Boxing; Loyalty; Fear; Greatness; Lessons from father; Scar story; Cus D’Amato; Mike Tyson; Forgiveness
407,Guillaume Verdon,"Beff Jezos, Eacc Movement, Physics, Computation & AGI",Beff Jezos; Eacc Movement; Physics; Computation; AGI,Beff Jezos; Thermodynamics; Doxxing; Anonymous bots; Power; AI dangers; Building AGI; Merging with AI; p(doom); Quantum machine learning; Quantum computer; Aliens; Quantum gravity; Kardashev scale; Effective accelerationism (e/acc); Humor and memes; Jeff Bezos; Elon Musk; Extropic; Singularity and AGI; AI doomers; Effective altruism; Day in the life; Identity; Advice for young people; Mortality; Meaning of life,Beff Jezos; Eacc Movement; Physics; Computation; AGI; Beff Jezos; Thermodynamics; Doxxing; Anonymous bots; Power; AI dangers; Building AGI; Merging with AI; p(doom); Quantum machine learning; Quantum computer; Aliens; Quantum gravity; Kardashev scale; Effective accelerationism (e/acc); Humor and memes; Jeff Bezos; Elon Musk; Extropic; Singularity and AGI; AI doomers; Effective altruism; Day in the life; Identity; Advice for young people; Mortality; Meaning of life
408,Tal Wilkenfeld,"Music, Guitar, Bass, Jeff Beck, Prince, and Leonard Cohen",Music; Guitar; Bass; Jeff Beck; Prince; and Leonard Cohen,Jeff Beck; Confidence on stage; Leonard Cohen; Taxi Driver; Songwriting; How to learn and practice; Slap vs Fingerstyle; Davie504; Prince; Jimi Hendrix; Mentorship; Sad songs; Tal performs Under The Sun (live); Tal performs Killing Me (live),Music; Guitar; Bass; Jeff Beck; Prince; and Leonard Cohen; Jeff Beck; Confidence on stage; Leonard Cohen; Taxi Driver; Songwriting; How to learn and practice; Slap vs Fingerstyle; Davie504; Prince; Jimi Hendrix; Mentorship; Sad songs; Tal performs Under The Sun (live); Tal performs Killing Me (live)
409,Matthew Cox,FBI Most Wanted Con Man - $55 Million in Bank Fraud,FBI Most Wanted Con Man - $55 Million in Bank Fraud,Mortgage fraud; Creating fake people; Arrested by FBI; Omerta: Code of silence; Fake ID’s; Getting caught; Going on the run from FBI; Identity theft; More scams; FBI Most Wanted; Close calls; Break up with Becky; Calling parents; Calling FBI; Running from cops; Getting arrested; Snitching; Prison; War dogs; Frank Amodeo; Freedom; Family; Regret,FBI Most Wanted Con Man - $55 Million in Bank Fraud; Mortgage fraud; Creating fake people; Arrested by FBI; Omerta: Code of silence; Fake ID’s; Getting caught; Going on the run from FBI; Identity theft; More scams; FBI Most Wanted; Close calls; Break up with Becky; Calling parents; Calling FBI; Running from cops; Getting arrested; Snitching; Prison; War dogs; Frank Amodeo; Freedom; Family; Regret
410,Ben Shapiro Destiny Debate,"Ben Shapiro vs Destiny Debate Politics, Jan 6, Israel, Ukraine & Wokeism",Ben Shapiro vs Destiny Debate Politics; Jan 6; Israel; Ukraine; Wokeism,Liberalism vs Conservatism; Education; Trump vs Biden; Foreign policy; Israel-Palestine; Russia-Ukraine; January 6; Abuse of power; Wokeism; Institutional capture; Monogamy vs open relationships; Rapid fire questions,Ben Shapiro vs Destiny Debate Politics; Jan 6; Israel; Ukraine; Wokeism; Liberalism vs Conservatism; Education; Trump vs Biden; Foreign policy; Israel-Palestine; Russia-Ukraine; January 6; Abuse of power; Wokeism; Institutional capture; Monogamy vs open relationships; Rapid fire questions
411,Omar Suleiman,"Palestine, Gaza, Oct 7, Israel, Resistance, Faith & Islam",Palestine; Gaza; Oct 7; Israel; Resistance; Faith; Islam,Oct 7; Palestinian diaspora; Wael Al-Dahdouh; Violence; Biden and Trump; Ceasefire march; Benjamin Netanyahu; Houthi rebel attacks; Hostages; MLK Jr and Malcolm X; Palestinian refugees; Mohammad and Jesus; Al-Aqsa Mosque; Ramadan; Hope for the future,Palestine; Gaza; Oct 7; Israel; Resistance; Faith; Islam; Oct 7; Palestinian diaspora; Wael Al-Dahdouh; Violence; Biden and Trump; Ceasefire march; Benjamin Netanyahu; Houthi rebel attacks; Hostages; MLK Jr and Malcolm X; Palestinian refugees; Mohammad and Jesus; Al-Aqsa Mosque; Ramadan; Hope for the future
412,Marc Raibert,Boston Dynamics and the Future of Robotics,Boston Dynamics; the Future of Robotics,Early robots; Legged robots; Boston Dynamics; BigDog; Hydraulic actuation; Natural movement; Leg Lab; AI Institute; Athletic intelligence; Building a team; Videos; Engineering; Dancing robots; Hiring; Optimus robot; Future of robotics; Advice for young people,Boston Dynamics; the Future of Robotics; Early robots; Legged robots; Boston Dynamics; BigDog; Hydraulic actuation; Natural movement; Leg Lab; AI Institute; Athletic intelligence; Building a team; Videos; Engineering; Dancing robots; Hiring; Optimus robot; Future of robotics; Advice for young people
413,Bill Ackman,"Investing, Financial Battles, Harvard, DEI, X & Free Speech",Investing; Financial Battles; Harvard; DEI; X; Free Speech,Investing basics; Investing in music; Process of researching companies; Investing in restaurants; Investing in Google; AI; Warren Buffet; Psychology of investing; Activist investing; General Growth Properties; Canadian Pacific Railway; OpenAI; Biggest loss and lowest point; Herbalife and Carl Icahn; Oct 7; College campus protests; DEI in universities; Neri Oxman; X and free speech; Trump; Dean Phillips; Future,Investing; Financial Battles; Harvard; DEI; X; Free Speech; Investing basics; Investing in music; Process of researching companies; Investing in restaurants; Investing in Google; AI; Warren Buffet; Psychology of investing; Activist investing; General Growth Properties; Canadian Pacific Railway; OpenAI; Biggest loss and lowest point; Herbalife and Carl Icahn; Oct 7; College campus protests; DEI in universities; Neri Oxman; X and free speech; Trump; Dean Phillips; Future
414,Tucker Carlson,"Putin, Navalny, Trump, CIA, NSA, War, Politics & Freedom",Putin; Navalny; Trump; CIA; NSA; War; Politics; Freedom,Putin; Navalny; Moscow; Freedom of speech; Jon Stewart; Ending the War in Ukraine; Nazis; Putin’s health; Hitler; Nuclear war; Trump; Israel-Palestine; Xi Jinping; Advice for young people; Hope for the future,Putin; Navalny; Trump; CIA; NSA; War; Politics; Freedom; Putin; Navalny; Moscow; Freedom of speech; Jon Stewart; Ending the War in Ukraine; Nazis; Putin’s health; Hitler; Nuclear war; Trump; Israel-Palestine; Xi Jinping; Advice for young people; Hope for the future
415,Serhii Plokhy,"History of Ukraine, Russia, Soviet Union, KGB, Nazis & War",History of Ukraine; Russia; Soviet Union; KGB; Nazis; War,Collapse of the Soviet Union; Origins of Russia and Ukraine; Ukrainian nationalism; Stepan Bandera; KGB; War in Ukraine; NATO and Russia; Peace talks; Ukrainian Army head Valerii Zaluzhnyi; Power and War; Holodomor; Chernobyl; Nuclear power; Future of the world,History of Ukraine; Russia; Soviet Union; KGB; Nazis; War; Collapse of the Soviet Union; Origins of Russia and Ukraine; Ukrainian nationalism; Stepan Bandera; KGB; War in Ukraine; NATO and Russia; Peace talks; Ukrainian Army head Valerii Zaluzhnyi; Power and War; Holodomor; Chernobyl; Nuclear power; Future of the world
416,Yann Lecun,"Meta AI, Open Source, Limits of LLMs, AGI & the Future of AI",Meta AI; Open Source; Limits of LLMs; AGI; the Future of AI,Limits of LLMs; Bilingualism and thinking; Video prediction; JEPA (Joint-Embedding Predictive Architecture); JEPA vs LLMs; DINO and I-JEPA; V-JEPA; Hierarchical planning; Autoregressive LLMs; AI hallucination; Reasoning in AI; Reinforcement learning; Woke AI; Open source; AI and ideology; Marc Andreesen; Llama 3; AGI; AI doomers; Joscha Bach; Humanoid robots; Hope for the future,Meta AI; Open Source; Limits of LLMs; AGI; the Future of AI; Limits of LLMs; Bilingualism and thinking; Video prediction; JEPA (Joint-Embedding Predictive Architecture); JEPA vs LLMs; DINO and I-JEPA; V-JEPA; Hierarchical planning; Autoregressive LLMs; AI hallucination; Reasoning in AI; Reinforcement learning; Woke AI; Open source; AI and ideology; Marc Andreesen; Llama 3; AGI; AI doomers; Joscha Bach; Humanoid robots; Hope for the future
417,Kimbal Musk,"The Art of Cooking, Tesla, SpaceX, Zip2, and Family",The Art of Cooking; Tesla; SpaceX; Zip2; and Family,Growing up in South Africa; Cooking; Ingredients; Anthony Bourdain; Cooking school; Life-threatening accident; Road trip across US; Zip2; Tesla; SpaceX; Hope for the future,The Art of Cooking; Tesla; SpaceX; Zip2; and Family; Growing up in South Africa; Cooking; Ingredients; Anthony Bourdain; Cooking school; Life-threatening accident; Road trip across US; Zip2; Tesla; SpaceX; Hope for the future
418,Israel Palestine Debate,"Israel-Palestine Debate Finkelstein, Destiny, M. Rabbani & Benny Morris",Israel-Palestine Debate Finkelstein; Destiny; M. Rabbani; Benny Morris,1948; Partition; October 7; Gaza; Peace; Hope for the future,Israel-Palestine Debate Finkelstein; Destiny; M. Rabbani; Benny Morris; 1948; Partition; October 7; Gaza; Peace; Hope for the future
419,Sam Altman,"OpenAI, GPT-5, Sora, Board Saga, Elon Musk, Ilya, Power & AGI",OpenAI; GPT-5; Sora; Board Saga; Elon Musk; Ilya; Power; AGI,OpenAI board saga; Ilya Sutskever; Elon Musk lawsuit; Sora; GPT-4; Memory & privacy; Q*; GPT-5; $7 trillion of compute; Google and Gemini; Leap to GPT-5; AGI; Aliens,OpenAI; GPT-5; Sora; Board Saga; Elon Musk; Ilya; Power; AGI; OpenAI board saga; Ilya Sutskever; Elon Musk lawsuit; Sora; GPT-4; Memory & privacy; Q*; GPT-5; $7 trillion of compute; Google and Gemini; Leap to GPT-5; AGI; Aliens
420,Annie Jacobsen,"Nuclear War, CIA, KGB, Aliens, Area 51, Roswell & Secrecy",Nuclear War; CIA; KGB; Aliens; Area 51; Roswell; Secrecy,Nuclear war; Launch procedure; Deterrence; Tactical nukes; Nuclear submarines; Nuclear missiles; Nuclear football; Missile interceptor system; North Korea; Nuclear war scenarios; Warmongers; President’s cognitive ability; Refusing orders; Russia and Putin; Cyberattack; Ground zero of nuclear war; Surviving nuclear war; Nuclear winter; Alien civilizations; Extrasensory perception; Area 51; UFOs and aliens; Roswell incident; CIA assassinations; Navalny; KGB; Hitler and the atomic bomb; War and human nature; Hope,Nuclear War; CIA; KGB; Aliens; Area 51; Roswell; Secrecy; Nuclear war; Launch procedure; Deterrence; Tactical nukes; Nuclear submarines; Nuclear missiles; Nuclear football; Missile interceptor system; North Korea; Nuclear war scenarios; Warmongers; President’s cognitive ability; Refusing orders; Russia and Putin; Cyberattack; Ground zero of nuclear war; Surviving nuclear war; Nuclear winter; Alien civilizations; Extrasensory perception; Area 51; UFOs and aliens; Roswell incident; CIA assassinations; Navalny; KGB; Hitler and the atomic bomb; War and human nature; Hope
421,Dana White,"UFC, Fighting, Khabib, Conor, Tyson, Ali, Rogan, Elon & Zuck",UFC; Fighting; Khabib; Conor; Tyson; Ali; Rogan; Elon; Zuck,Mike Tyson and early days of fighting; Jiu jitsu; Origin of UFC; Joe Rogan; Lorenzo Fertitta; Great fighters; Khabib vs Conor; Jon Jones; Conor McGregor; Trump; Elon vs Zuck; Mike Tyson vs Jake Paul; Forrest Griffin vs Stephan Bonnar; Gambling; Mortality,UFC; Fighting; Khabib; Conor; Tyson; Ali; Rogan; Elon; Zuck; Mike Tyson and early days of fighting; Jiu jitsu; Origin of UFC; Joe Rogan; Lorenzo Fertitta; Great fighters; Khabib vs Conor; Jon Jones; Conor McGregor; Trump; Elon vs Zuck; Mike Tyson vs Jake Paul; Forrest Griffin vs Stephan Bonnar; Gambling; Mortality
422,Mark Cuban,"Shark Tank, DEI & Wokeism Debate, Elon Musk, Politics & Drugs",Shark Tank; DEI; Wokeism Debate; Elon Musk; Politics; Drugs,Entrepreneurship; Shark Tank; How Mark made first billion; Dallas Mavericks; DEI debate; Trump vs Biden; Immigration; Drugs and Big Pharma; AI; Advice for young people,Shark Tank; DEI; Wokeism Debate; Elon Musk; Politics; Drugs; Entrepreneurship; Shark Tank; How Mark made first billion; Dallas Mavericks; DEI debate; Trump vs Biden; Immigration; Drugs and Big Pharma; AI; Advice for young people
423,Tulsi Gabbard,"War, Politics, and the Military Industrial Complex",War; Politics; and the Military Industrial Complex,War in Iraq; Battle injuries and PTSD; War on terrorism; War in Gaza; War in Ukraine; Syria; Warmongers; Nuclear war; TikTok ban; Bernie Sanders; Politics; Personal attacks; God,War; Politics; and the Military Industrial Complex; War in Iraq; Battle injuries and PTSD; War on terrorism; War in Gaza; War in Ukraine; Syria; Warmongers; Nuclear war; TikTok ban; Bernie Sanders; Politics; Personal attacks; God
424,Bassem Youssef,"Israel-Palestine, Gaza, Hamas, Middle East, Satire & Fame",Israel-Palestine; Gaza; Hamas; Middle East; Satire; Fame,Oct 7; Two-state solution; Holocaust; 1948; Egypt; Jon Stewart; Going viral during the Arab Spring; Arabic vs English; Sam Harris and Jihad; Religion; TikTok; Joe Rogan; Joe Biden; Putin; War; Hope,Israel-Palestine; Gaza; Hamas; Middle East; Satire; Fame; Oct 7; Two-state solution; Holocaust; 1948; Egypt; Jon Stewart; Going viral during the Arab Spring; Arabic vs English; Sam Harris and Jihad; Religion; TikTok; Joe Rogan; Joe Biden; Putin; War; Hope
425,Andrew Callaghan,"Channel 5, Gonzo, QAnon, O-Block, Politics & Alex Jones",Channel 5; Gonzo; QAnon; O-Block; Politics; Alex Jones,Walmart; Early life; Hitchhiking; Couch surfing; Quarter Confessions; Burning Man; Protests; Jon Stewart; Fame; Jan 6; QAnon; Alex Jones; Politics; Response to allegations; Channel 5; Rap; O Block; Crip Mac; Aliens,Channel 5; Gonzo; QAnon; O-Block; Politics; Alex Jones; Walmart; Early life; Hitchhiking; Couch surfing; Quarter Confessions; Burning Man; Protests; Jon Stewart; Fame; Jan 6; QAnon; Alex Jones; Politics; Response to allegations; Channel 5; Rap; O Block; Crip Mac; Aliens
426,Edward Gibson,"Human Language, Psycholinguistics, Syntax, Grammar & LLMs",Human Language; Psycholinguistics; Syntax; Grammar; LLMs,Human language; Generalizations in language; Dependency grammar; Morphology; Evolution of languages; Noam Chomsky; Thinking and language; LLMs; Center embedding; Learning a new language; Nature vs nurture; Culture and language; Universal language; Language translation; Animal communication,Human Language; Psycholinguistics; Syntax; Grammar; LLMs; Human language; Generalizations in language; Dependency grammar; Morphology; Evolution of languages; Noam Chomsky; Thinking and language; LLMs; Center embedding; Learning a new language; Nature vs nurture; Culture and language; Universal language; Language translation; Animal communication
427,Neil Adams,"Judo, Olympics, Winning, Losing, and the Champion Mindset",Judo; Olympics; Winning; Losing; and the Champion Mindset,1980 Olympics; Judo explained; Winning; 1984 Olympics; Lessons from losing; Teddy Riner; Training in Japan; Jiu jitsu; Training; Advice for beginners,Judo; Olympics; Winning; Losing; and the Champion Mindset; 1980 Olympics; Judo explained; Winning; 1984 Olympics; Lessons from losing; Teddy Riner; Training in Japan; Jiu jitsu; Training; Advice for beginners
428,Sean Carroll,"General Relativity, Quantum Mechanics, Black Holes & Aliens",General Relativity; Quantum Mechanics; Black Holes; Aliens,General relativity; Black holes; Hawking radiation; Aliens; Holographic principle; Dark energy; Dark matter; Quantum mechanics; Simulation; AGI; Complexity; Consciousness; Naturalism; Limits of science; Mindscape podcast; Einstein,General Relativity; Quantum Mechanics; Black Holes; Aliens; General relativity; Black holes; Hawking radiation; Aliens; Holographic principle; Dark energy; Dark matter; Quantum mechanics; Simulation; AGI; Complexity; Consciousness; Naturalism; Limits of science; Mindscape podcast; Einstein
429,Paul Rosolie,"Jungle, Apex Predators, Aliens, Uncontacted Tribes, and God",Jungle; Apex Predators; Aliens; Uncontacted Tribes; and God,Amazon jungle; Bushmaster snakes; Black caiman; Rhinos; Anacondas; Mammals; Piranhas; Aliens; Elephants; Origin of life; Explorers; Ayahuasca; Deep jungle expedition; Jane Goodall; Theodore Roosevelt; Alone show; Protecting the rainforest; Snake makes appearance; Uncontacted tribes; Mortality; Steve Irwin; God,Jungle; Apex Predators; Aliens; Uncontacted Tribes; and God; Amazon jungle; Bushmaster snakes; Black caiman; Rhinos; Anacondas; Mammals; Piranhas; Aliens; Elephants; Origin of life; Explorers; Ayahuasca; Deep jungle expedition; Jane Goodall; Theodore Roosevelt; Alone show; Protecting the rainforest; Snake makes appearance; Uncontacted tribes; Mortality; Steve Irwin; God
430,Charan Ranganath,"Human Memory, Imagination, Deja Vu, and False Memories",Human Memory; Imagination; Deja Vu; and False Memories,Experiencing self vs remembering self; Creating memories; Why we forget; Training memory; Memory hacks; Imagination vs memory; Memory competitions; Science of memory; Discoveries; Deja vu; False memories; False confessions; Heartbreak; Nature of time; Brain–computer interface (BCI); AI and memory; ADHD; Music; Human mind,Human Memory; Imagination; Deja Vu; and False Memories; Experiencing self vs remembering self; Creating memories; Why we forget; Training memory; Memory hacks; Imagination vs memory; Memory competitions; Science of memory; Discoveries; Deja vu; False memories; False confessions; Heartbreak; Nature of time; Brain–computer interface (BCI); AI and memory; ADHD; Music; Human mind
431,Roman Yampolskiy,Dangers of Superintelligent AI,Dangers of Superintelligent AI,Existential risk of AGI; Ikigai risk; Suffering risk; Timeline to AGI; AGI turing test; Yann LeCun and open source AI; AI control; Social engineering; Fearmongering; AI deception; Verification; Self-improving AI; Pausing AI development; AI Safety; Current AI; Simulation; Aliens; Human mind; Neuralink; Hope for the future; Meaning of life,Dangers of Superintelligent AI; Existential risk of AGI; Ikigai risk; Suffering risk; Timeline to AGI; AGI turing test; Yann LeCun and open source AI; AI control; Social engineering; Fearmongering; AI deception; Verification; Self-improving AI; Pausing AI development; AI Safety; Current AI; Simulation; Aliens; Human mind; Neuralink; Hope for the future; Meaning of life
432,Kevin Spacey,"Power, Controversy, Betrayal, Truth & Love in Film and Life",Power; Controversy; Betrayal; Truth; Love in Film; Life,Seven; David Fincher; Brad Pitt and Morgan Freeman; Acting; Improve; Al Pacino; Jack Lemmon; American Beauty; Mortality; Allegations; House of Cards; Jack Nicholson; Mike Nichols; Christopher Walken; Father; Future,Power; Controversy; Betrayal; Truth; Love in Film; Life; Seven; David Fincher; Brad Pitt and Morgan Freeman; Acting; Improve; Al Pacino; Jack Lemmon; American Beauty; Mortality; Allegations; House of Cards; Jack Nicholson; Mike Nichols; Christopher Walken; Father; Future
433,Sara Walker,"Physics of Life, Time, Complexity, and Aliens",Physics of Life; Time; Complexity; and Aliens,Definition of life; Time and space; Technosphere; Theory of everything; Origin of life; Assembly theory; Aliens; Great Perceptual Filter; Fashion; Beauty; Language; Computation; Consciousness; Artificial life; Free will; Why anything exists,Physics of Life; Time; Complexity; and Aliens; Definition of life; Time and space; Technosphere; Theory of everything; Origin of life; Assembly theory; Aliens; Great Perceptual Filter; Fashion; Beauty; Language; Computation; Consciousness; Artificial life; Free will; Why anything exists
434,Aravind Srinivas,"Perplexity CEO on Future of AI, Search & the Internet",Perplexity CEO on Future of AI; Search; the Internet,How Perplexity works; How Google works; Larry Page and Sergey Brin; Jeff Bezos; Elon Musk; Jensen Huang; Mark Zuckerberg; Yann LeCun; Breakthroughs in AI; Curiosity; $1 trillion dollar question; Perplexity origin story; RAG; 1 million H100 GPUs; Advice for startups; Future of search; Future of AI,Perplexity CEO on Future of AI; Search; the Internet; How Perplexity works; How Google works; Larry Page and Sergey Brin; Jeff Bezos; Elon Musk; Jensen Huang; Mark Zuckerberg; Yann LeCun; Breakthroughs in AI; Curiosity; $1 trillion dollar question; Perplexity origin story; RAG; 1 million H100 GPUs; Advice for startups; Future of search; Future of AI
435,Andrew Huberman,"Focus, Controversy, Politics, and Relationships",Focus; Controversy; Politics; and Relationships,Quitting and evolving; How to focus and think deeply; Cannabis drama; Jungian shadow; Supplements; Nicotine; Caffeine; Math gaffe; 2024 presidential elections; Great white sharks; Ayahuasca & psychedelics; Relationships; Productivity; Friendship,Focus; Controversy; Politics; and Relationships; Quitting and evolving; How to focus and think deeply; Cannabis drama; Jungian shadow; Supplements; Nicotine; Caffeine; Math gaffe; 2024 presidential elections; Great white sharks; Ayahuasca & psychedelics; Relationships; Productivity; Friendship
436,Ivanka Trump,"Politics, Family, Real Estate, Fashion, Music, and Life",Politics; Family; Real Estate; Fashion; Music; and Life,Architecture; Modern architecture; Philosophy of design; Lessons from mother; Lessons from father; Fashion; Hotel design; Self-doubt; Intuition; The Apprentice; Michael Jackson; Nature; Surfing; Donald Trump; Politics; Work-life balance; Parenting; 2024 presidential campaign; Dolly Parton; Adele; Alice Johnson; Stevie Ray Vaughan; Aretha Franklin; Freddie Mercury; Jiu jitsu; Bucket list; Hope,Politics; Family; Real Estate; Fashion; Music; and Life; Architecture; Modern architecture; Philosophy of design; Lessons from mother; Lessons from father; Fashion; Hotel design; Self-doubt; Intuition; The Apprentice; Michael Jackson; Nature; Surfing; Donald Trump; Politics; Work-life balance; Parenting; 2024 presidential campaign; Dolly Parton; Adele; Alice Johnson; Stevie Ray Vaughan; Aretha Franklin; Freddie Mercury; Jiu jitsu; Bucket list; Hope
437,Jordan Jonas,"Survival, Hunting, Siberia, God, and Winning Alone Season 6",Survival; Hunting; Siberia; God; and Winning Alone Season 6,Alone Season 6; Arctic; Roland Welker; Freight trains; Siberia; Hunger; Suffering; God; Mortality; Resilience; Hope; Lex AMA,Survival; Hunting; Siberia; God; and Winning Alone Season 6; Alone Season 6; Arctic; Roland Welker; Freight trains; Siberia; Hunger; Suffering; God; Mortality; Resilience; Hope; Lex AMA
438,Elon Musk And Neuralink Team,Elon Musk Neuralink and the Future of Humanity,Elon Musk Neuralink; the Future of Humanity,Elon Musk; Telepathy; Power of human mind; Future of Neuralink; Ayahuasca; Merging with AI; xAI; Optimus; Elon’s approach to problem-solving; History and geopolitics; Lessons of history; Collapse of empires; Time; Aliens and curiosity; DJ Seo; Neural dust; History of brain–computer interface; Biophysics of neural interfaces; How Neuralink works; Lex with Neuralink implant; Digital telepathy; Retracted threads; Vertical integration; Safety; Upgrades; Future capabilities; Matthew MacDougall; Neuroscience; Neurosurgery; Neuralink surgery; Brain surgery details; Implanting Neuralink on self; Life and death; Consciousness; Bliss Chapman; Neural signal; Latency; Neuralink app; Intention vs action; Calibration; Webgrid; Neural decoder; Future improvements; Noland Arbaugh; Becoming paralyzed; First Neuralink human participant; Day of surgery; Moving mouse with brain; Webgrid; Retracted threads; App improvements; Gaming; Future Neuralink capabilities; Controlling Optimus robot; God; Hope,Elon Musk Neuralink; the Future of Humanity; Elon Musk; Telepathy; Power of human mind; Future of Neuralink; Ayahuasca; Merging with AI; xAI; Optimus; Elon’s approach to problem-solving; History and geopolitics; Lessons of history; Collapse of empires; Time; Aliens and curiosity; DJ Seo; Neural dust; History of brain–computer interface; Biophysics of neural interfaces; How Neuralink works; Lex with Neuralink implant; Digital telepathy; Retracted threads; Vertical integration; Safety; Upgrades; Future capabilities; Matthew MacDougall; Neuroscience; Neurosurgery; Neuralink surgery; Brain surgery details; Implanting Neuralink on self; Life and death; Consciousness; Bliss Chapman; Neural signal; Latency; Neuralink app; Intention vs action; Calibration; Webgrid; Neural decoder; Future improvements; Noland Arbaugh; Becoming paralyzed; First Neuralink human participant; Day of surgery; Moving mouse with brain; Webgrid; Retracted threads; App improvements; Gaming; Future Neuralink capabilities; Controlling Optimus robot; God; Hope
439,Craig Jones,"Jiu Jitsu, $2 Million Prize, CJI, ADCC, Ukraine & Trolling",Jiu Jitsu; $2 Million Prize; CJI; ADCC; Ukraine; Trolling,$1 million in cash; Kazakhstan; Ukraine; Bali; CJI; Gabi Garcia; The Alley; Gordon Ryan and Nicholas Meregali; Trolling; ADCC; Training camp; Breaking legs; Advice for beginners; Volk; Future of jiu jitsu; Steroids; Hope,Jiu Jitsu; $2 Million Prize; CJI; ADCC; Ukraine; Trolling; $1 million in cash; Kazakhstan; Ukraine; Bali; CJI; Gabi Garcia; The Alley; Gordon Ryan and Nicholas Meregali; Trolling; ADCC; Training camp; Breaking legs; Advice for beginners; Volk; Future of jiu jitsu; Steroids; Hope
440,Pieter Levels,"Programming, Viral AI Startups, and Digital Nomad Life",Programming; Viral AI Startups; and Digital Nomad Life,Startup philosophy; Low points; 12 startups in 12 months; Travelling and depression; Indie hacking; Photo AI; How to learn AI; Robots; Hoodmaps; Learning new programming languages; Monetize your website; Fighting SPAM; Automation; When to sell startup; Coding solo; Ship fast; Best IDE for programming; Andrej Karpathy; Productivity; Minimalism; Emails; Coffee; E/acc; Advice for young people,Programming; Viral AI Startups; and Digital Nomad Life; Startup philosophy; Low points; 12 startups in 12 months; Travelling and depression; Indie hacking; Photo AI; How to learn AI; Robots; Hoodmaps; Learning new programming languages; Monetize your website; Fighting SPAM; Automation; When to sell startup; Coding solo; Ship fast; Best IDE for programming; Andrej Karpathy; Productivity; Minimalism; Emails; Coffee; E/acc; Advice for young people
441,Cenk Uygur,"Trump vs Harris, Progressive Politics, Communism & Capitalism",Trump vs Harris; Progressive Politics; Communism; Capitalism,Progressivism; Communism; Capitalism; Corruption; Money in politics; Fixing politics; Meritocracy & DEI; Far-left vs far-right; Donald Trump; Joe Biden; Bernie Sanders; Kamala Harris; Harris vs Trump presidential debate; RFK Jr; The Young Turks; Joe Rogan; Propaganda; Conspiracy theories; Israel-Palestine; Hope,Trump vs Harris; Progressive Politics; Communism; Capitalism; Progressivism; Communism; Capitalism; Corruption; Money in politics; Fixing politics; Meritocracy & DEI; Far-left vs far-right; Donald Trump; Joe Biden; Bernie Sanders; Kamala Harris; Harris vs Trump presidential debate; RFK Jr; The Young Turks; Joe Rogan; Propaganda; Conspiracy theories; Israel-Palestine; Hope
442,Donald Trump,Donald Trump Interview,Donald Trump Interview,Psychology of winning and losing; Politics is a dirty game; Business vs politics; War in Ukraine; Kamala Harris interview on CNN; Trump-Harris debate; China; 2020 election; Project 2025; Marijuana; Joe Rogan; Division; Communism and fascism; Power; UFOs & JFK; Jeffrey Epstein; Mortality and religion; Lex AMA,Donald Trump Interview; Psychology of winning and losing; Politics is a dirty game; Business vs politics; War in Ukraine; Kamala Harris interview on CNN; Trump-Harris debate; China; 2020 election; Project 2025; Marijuana; Joe Rogan; Division; Communism and fascism; Power; UFOs & JFK; Jeffrey Epstein; Mortality and religion; Lex AMA
443,Gregory Aldrete,The Roman Empire - Rise and Fall of Ancient Rome,The Roman Empire - Rise; Fall of Ancient Rome,Ancient vs modern world; Romans’ relationship to the past; Three phases of Roman history; Rome’s expansion; Punic wars; Conquering Greece; Scipio vs Hannibal; Heavy infantry vs Cavalry; Armor; Alexander the Great; Roman law; Slavery; Fall of the Roman Empire; Julius Caesar; Octavian’s rise; Cleopatra; Musa of Parthia; Augustus’ political system; Cicero; Gestures; Religion in Rome; Emperors; The greatest Roman; Marcus Aurelius; Taxes; Division of the Roman Empire; Decisive battles; Hope,The Roman Empire - Rise; Fall of Ancient Rome; Ancient vs modern world; Romans’ relationship to the past; Three phases of Roman history; Rome’s expansion; Punic wars; Conquering Greece; Scipio vs Hannibal; Heavy infantry vs Cavalry; Armor; Alexander the Great; Roman law; Slavery; Fall of the Roman Empire; Julius Caesar; Octavian’s rise; Cleopatra; Musa of Parthia; Augustus’ political system; Cicero; Gestures; Religion in Rome; Emperors; The greatest Roman; Marcus Aurelius; Taxes; Division of the Roman Empire; Decisive battles; Hope
444,Vejas Liulevicius,"Communism, Marxism, Nazism, Stalin, Mao, and Hitler",Communism; Marxism; Nazism; Stalin; Mao; and Hitler,"Marxism; Anarchism; The Communist Manifesto; Communism in the Soviet Union; Lenin, Trotsky, and Stalin; Stalin; Holodomor; The Great Terror; Totalitarianism; Response to Darryl Cooper; Nazis vs Communists in Germany; Mao; Great Leap Forward; China after Mao; North Korea; Communism in US; Russia after Soviet Union; Advice for Lex; Book recommendations; Advice for young people; Hope","Communism; Marxism; Nazism; Stalin; Mao; and Hitler; Marxism; Anarchism; The Communist Manifesto; Communism in the Soviet Union; Lenin, Trotsky, and Stalin; Stalin; Holodomor; The Great Terror; Totalitarianism; Response to Darryl Cooper; Nazis vs Communists in Germany; Mao; Great Leap Forward; China after Mao; North Korea; Communism in US; Russia after Soviet Union; Advice for Lex; Book recommendations; Advice for young people; Hope"
445,Vivek Ramaswamy,"Trump, Conservatism, Nationalism, Immigration, and War",Trump; Conservatism; Nationalism; Immigration; and War,Conservatism; Progressivism; DEI; Bureaucracy; Government efficiency; Education; Military Industrial Complex; Illegal immigration; Donald Trump; War in Ukraine; China; Will Vivek run in 2028?; Approach to debates,Trump; Conservatism; Nationalism; Immigration; and War; Conservatism; Progressivism; DEI; Bureaucracy; Government efficiency; Education; Military Industrial Complex; Illegal immigration; Donald Trump; War in Ukraine; China; Will Vivek run in 2028?; Approach to debates
446,Ed Barnhart,"Maya, Aztec, Inca, and Lost Civilizations of South America",Maya; Aztec; Inca; and Lost Civilizations of South America,"Lost civilizations; Hunter-gatherers; First humans in the Americas; South America; Pyramids; Religion; Shamanism; Ayahuasca; Lost City of Z; Graham Hancock; Uncontacted tribes; Maya civilization; Mayan calendar; Flood myths; Aztecs; Inca Empire; Early humans in North America; Columbus; Vikings; Aliens; Earth in 10,000 years; Hope for the future","Maya; Aztec; Inca; and Lost Civilizations of South America; Lost civilizations; Hunter-gatherers; First humans in the Americas; South America; Pyramids; Religion; Shamanism; Ayahuasca; Lost City of Z; Graham Hancock; Uncontacted tribes; Maya civilization; Mayan calendar; Flood myths; Aztecs; Inca Empire; Early humans in North America; Columbus; Vikings; Aliens; Earth in 10,000 years; Hope for the future"
447,Cursor Team,Future of Programming with AI,Future of Programming with AI,Code editor basics; GitHub Copilot; Cursor; Cursor Tab; Code diff; ML details; GPT vs Claude; Prompt engineering; AI agents; Running code in background; Debugging; Dangerous code; Branching file systems; Scaling challenges; Context; OpenAI o1; Synthetic data; RLHF vs RLAIF; Fields Medal for AI; Scaling laws; The future of programming,Future of Programming with AI; Code editor basics; GitHub Copilot; Cursor; Cursor Tab; Code diff; ML details; GPT vs Claude; Prompt engineering; AI agents; Running code in background; Debugging; Dangerous code; Branching file systems; Scaling challenges; Context; OpenAI o1; Synthetic data; RLHF vs RLAIF; Fields Medal for AI; Scaling laws; The future of programming
448,Jordan Peterson,"Nietzsche, Hitler, God, Psychopathy, Suffering & Meaning",Nietzsche; Hitler; God; Psychopathy; Suffering; Meaning,Nietzsche; Power and propaganda; Nazism; Religion; Communism; Hero myth; Belief in God; Advice for young people; Sex; Good and evil; Psychopathy; Hardship; Pain and gratitude; Truth,Nietzsche; Hitler; God; Psychopathy; Suffering; Meaning; Nietzsche; Power and propaganda; Nazism; Religion; Communism; Hero myth; Belief in God; Advice for young people; Sex; Good and evil; Psychopathy; Hardship; Pain and gratitude; Truth
449,Graham Hancock,Lost Civilization of the Ice Age & Ancient Human History,Lost Civilization of the Ice Age; Ancient Human History,Lost Ice Age civilization; Göbekli Tepe; Early humans; Astronomical symbolism; Younger Dryas impact hypothesis; The Great Pyramid and the Sphinx of Giza; Sahara Desert and the Amazon rainforest; Response to critics; Panspermia; Shamanism; How the Great Pyramid was built; Mortality,Lost Civilization of the Ice Age; Ancient Human History; Lost Ice Age civilization; Göbekli Tepe; Early humans; Astronomical symbolism; Younger Dryas impact hypothesis; The Great Pyramid and the Sphinx of Giza; Sahara Desert and the Amazon rainforest; Response to critics; Panspermia; Shamanism; How the Great Pyramid was built; Mortality
450,Bernie Sanders,Bernie Sanders Interview,Bernie Sanders Interview,MLK Jr; Corruption in politics; Healthcare in US; 2016 election; Barack Obama; Capitalism; Response to attacks; AOC and progressive politics; Mortality; Hope for the future,Bernie Sanders Interview; MLK Jr; Corruption in politics; Healthcare in US; 2016 election; Barack Obama; Capitalism; Response to attacks; AOC and progressive politics; Mortality; Hope for the future
451,Rick Spence,"CIA, KGB, Illuminati, Secret Societies, Cults & Conspiracies",CIA; KGB; Illuminati; Secret Societies; Cults; Conspiracies,"KGB and CIA; Okhrana, Cheka, NKVD; CIA spies vs KGB spies; Assassinations and mind control; Jeffrey Epstein; Bohemian Grove; Occultism; Nazi party and Thule society; Protocols of the Elders of Zion; Charles Manson; Zodiac Killer; Illuminati; Secret societies","CIA; KGB; Illuminati; Secret Societies; Cults; Conspiracies; KGB and CIA; Okhrana, Cheka, NKVD; CIA spies vs KGB spies; Assassinations and mind control; Jeffrey Epstein; Bohemian Grove; Occultism; Nazi party and Thule society; Protocols of the Elders of Zion; Charles Manson; Zodiac Killer; Illuminati; Secret societies"
452,Dario Amodei,"Anthropic CEO on Claude, AGI & the Future of AI & Humanity",Anthropic CEO on Claude; AGI; the Future of AI; Humanity,"Scaling laws; Limits of LLM scaling; Competition with OpenAI, Google, xAI, Meta; Claude; Opus 3.5; Sonnet 3.5; Claude 4.0; Criticism of Claude; AI Safety Levels; ASL-3 and ASL-4; Computer use; Government regulation of AI; Hiring a great team; Post-training; Constitutional AI; Machines of Loving Grace; AGI timeline; Programming; Meaning of life; Amanda Askell; Programming advice for non-technical people; Talking to Claude; Prompt engineering; Post-training; Constitutional AI; System prompts; Is Claude getting dumber?; Character training; Nature of truth; Optimal rate of failure; AI consciousness; AGI; Chris Olah; Features, Circuits, Universality; Superposition; Monosemanticity; Scaling Monosemanticity; Macroscopic behavior of neural networks; Beauty of neural networks","Anthropic CEO on Claude; AGI; the Future of AI; Humanity; Scaling laws; Limits of LLM scaling; Competition with OpenAI, Google, xAI, Meta; Claude; Opus 3.5; Sonnet 3.5; Claude 4.0; Criticism of Claude; AI Safety Levels; ASL-3 and ASL-4; Computer use; Government regulation of AI; Hiring a great team; Post-training; Constitutional AI; Machines of Loving Grace; AGI timeline; Programming; Meaning of life; Amanda Askell; Programming advice for non-technical people; Talking to Claude; Prompt engineering; Post-training; Constitutional AI; System prompts; Is Claude getting dumber?; Character training; Nature of truth; Optimal rate of failure; AI consciousness; AGI; Chris Olah; Features, Circuits, Universality; Superposition; Monosemanticity; Scaling Monosemanticity; Macroscopic behavior of neural networks; Beauty of neural networks"
453,Javier Milei,"President of Argentina - Freedom, Economics, and Corruption",President of Argentina - Freedom; Economics; and Corruption,Economic freedom; Anarcho-capitalism; Presidency and reforms; Poverty; Corruption; Freedom; Elon Musk; DOGE; Donald Trump; US and Argentina relations; Messi vs Maradona; God; Elvis and Rolling Stones; Free market; Loyalty; Advice for young people; Hope for Argentina,President of Argentina - Freedom; Economics; and Corruption; Economic freedom; Anarcho-capitalism; Presidency and reforms; Poverty; Corruption; Freedom; Elon Musk; DOGE; Donald Trump; US and Argentina relations; Messi vs Maradona; God; Elvis and Rolling Stones; Free market; Loyalty; Advice for young people; Hope for Argentina
454,Saagar Enjeti,"Trump, MAGA, DOGE, Obama, FDR, JFK, History & Politics",Trump; MAGA; DOGE; Obama; FDR; JFK; History; Politics,Why Trump won; Book recommendations; History of wokeism; History of Scots-Irish; Biden; FDR; George W Bush; LBJ; Cuban Missile Crisis; Immigration; DOGE; MAGA ideology; Bernie Sanders; Obama vs Trump; Nancy Pelosi; Kamala Harris; 2020 Election; Sam Harris; UFOs; Future of the Republican Party; Future of the Democratic Party; Hope,Trump; MAGA; DOGE; Obama; FDR; JFK; History; Politics; Why Trump won; Book recommendations; History of wokeism; History of Scots-Irish; Biden; FDR; George W Bush; LBJ; Cuban Missile Crisis; Immigration; DOGE; MAGA ideology; Bernie Sanders; Obama vs Trump; Nancy Pelosi; Kamala Harris; 2020 Election; Sam Harris; UFOs; Future of the Republican Party; Future of the Democratic Party; Hope
455,Adam Frank,Alien Civilizations and the Search for Extraterrestrial Life,Alien Civilizations; the Search for Extraterrestrial Life,Planet formation; Plate tectonics; Extinction events; Biosphere; Technosphere; Emergence of intelligence; Drake equation; Exoplanets; Habitable zones; Fermi Paradox; Alien civilizations; Colonizing Mars; Search for aliens; Alien megastructures; Kardashev scale; Detecting aliens; Warp drives; Cryogenics; What aliens look like; Alien contact; UFO sightings; Physics of life; Nature of time; Cognition; Mortality,Alien Civilizations; the Search for Extraterrestrial Life; Planet formation; Plate tectonics; Extinction events; Biosphere; Technosphere; Emergence of intelligence; Drake equation; Exoplanets; Habitable zones; Fermi Paradox; Alien civilizations; Colonizing Mars; Search for aliens; Alien megastructures; Kardashev scale; Detecting aliens; Warp drives; Cryogenics; What aliens look like; Alien contact; UFO sightings; Physics of life; Nature of time; Cognition; Mortality
456,Volodymyr Zelenskyy,"Ukraine, War, Peace, Putin, Trump, NATO, and Freedom",Ukraine; War; Peace; Putin; Trump; NATO; and Freedom,"Introductory words from Lex; Language; World War II; Invasion on Feb 24, 2022; Negotiating Peace; NATO and security guarantees; Sitting down with Putin and Trump; Compromise and leverage; Putin and Russia; Donald Trump; Martial Law and Elections; Corruption; Elon Musk; Trump Inauguration on Jan 20; Power dynamics in Ukraine; Future of Ukraine; Choice of language; Podcast prep and research process; Travel and setup","Ukraine; War; Peace; Putin; Trump; NATO; and Freedom; Introductory words from Lex; Language; World War II; Invasion on Feb 24, 2022; Negotiating Peace; NATO and security guarantees; Sitting down with Putin and Trump; Compromise and leverage; Putin and Russia; Donald Trump; Martial Law and Elections; Corruption; Elon Musk; Trump Inauguration on Jan 20; Power dynamics in Ukraine; Future of Ukraine; Choice of language; Podcast prep and research process; Travel and setup"
457,Jennifer Burns,"Milton Friedman, Ayn Rand, Economics, Capitalism, Freedom",Milton Friedman; Ayn Rand; Economics; Capitalism; Freedom,Milton Friedman; The Great Depression; Schools of economic thought; Keynesian economics; Laissez-faire; Friedrich Hayek; Money and monetarism; Stagflation; Moral case for capitalism; Freedom; Ethics of competition; Win-win solutions; Corruption; Government intervention; Conservatism; Donald Trump; Inflation; DOGE; Javier Milei; Richard Nixon; Ronald Reagan; Cryptocurrency; Ayn Rand; The Fountainhead; Sex and power dynamics; Evolution of ideas in history; Postmodernism; Advice to students; Lex reflects on Volodymyr Zelenskyy interview,Milton Friedman; Ayn Rand; Economics; Capitalism; Freedom; Milton Friedman; The Great Depression; Schools of economic thought; Keynesian economics; Laissez-faire; Friedrich Hayek; Money and monetarism; Stagflation; Moral case for capitalism; Freedom; Ethics of competition; Win-win solutions; Corruption; Government intervention; Conservatism; Donald Trump; Inflation; DOGE; Javier Milei; Richard Nixon; Ronald Reagan; Cryptocurrency; Ayn Rand; The Fountainhead; Sex and power dynamics; Evolution of ideas in history; Postmodernism; Advice to students; Lex reflects on Volodymyr Zelenskyy interview
458,Marc Andreessen,"Trump, Power, Tech, AI, Immigration & Future of America",Trump; Power; Tech; AI; Immigration; Future of America,Best possible future; History of Western Civilization; Trump in 2025; TDS in tech; Preference falsification; Self-censorship; Censorship; Jon Stewart; Mark Zuckerberg on Joe Rogan; Government pressure; Nature of power; Journalism; Bill Ackman; Trump administration; DOGE; H1B and immigration; Little tech; AI race; X; Yann LeCun; Andrew Huberman; Success; God and humanity,Trump; Power; Tech; AI; Immigration; Future of America; Best possible future; History of Western Civilization; Trump in 2025; TDS in tech; Preference falsification; Self-censorship; Censorship; Jon Stewart; Mark Zuckerberg on Joe Rogan; Government pressure; Nature of power; Journalism; Bill Ackman; Trump administration; DOGE; H1B and immigration; Little tech; AI race; X; Yann LeCun; Andrew Huberman; Success; God and humanity
459,Deepseek Dylan Patel Nathan Lambert,"DeepSeek, China, OpenAI, NVIDIA, xAI, TSMC, Stargate, and AI Megaclusters",DeepSeek; China; OpenAI; NVIDIA; xAI; TSMC; Stargate; and AI Megaclusters,DeepSeek-R1 and DeepSeek-V3; Low cost of training; DeepSeek compute cluster; Export controls on GPUs to China; AGI timeline; China’s manufacturing capacity; Cold war with China; TSMC and Taiwan; Best GPUs for AI; Why DeepSeek is so cheap; Espionage; Censorship; Andrej Karpathy and magic of RL; OpenAI o3-mini vs DeepSeek r1; NVIDIA; GPU smuggling; DeepSeek training on OpenAI data; AI megaclusters; Who wins the race to AGI?; AI agents; Programming and AI; Open source; Stargate; Future of AI,DeepSeek; China; OpenAI; NVIDIA; xAI; TSMC; Stargate; and AI Megaclusters; DeepSeek-R1 and DeepSeek-V3; Low cost of training; DeepSeek compute cluster; Export controls on GPUs to China; AGI timeline; China’s manufacturing capacity; Cold war with China; TSMC and Taiwan; Best GPUs for AI; Why DeepSeek is so cheap; Espionage; Censorship; Andrej Karpathy and magic of RL; OpenAI o3-mini vs DeepSeek r1; NVIDIA; GPU smuggling; DeepSeek training on OpenAI data; AI megaclusters; Who wins the race to AGI?; AI agents; Programming and AI; Open source; Stargate; Future of AI
460,Narendra Modi,"Prime Minister of India - Power, Democracy, War & Peace",Prime Minister of India - Power; Democracy; War; Peace,In this episode…; Fasting; Early life; Advice to Young People; Journey in the Himalayas; Becoming a monk; RSS and Hindu nationalism; Explaining India; Mahatma Gandhi; Path to peace in Ukraine; India and Pakistan; Cricket and Football; Donald Trump; China and Xi Jinping; Gujarat riots in 2002; Biggest democracy in the world; Power; Hard work; Srinivasa Ramanujan; Decision-making process; AI; Education; Learning and focus; Mantra; Meditation; Lex visiting India; Siddhartha,Prime Minister of India - Power; Democracy; War; Peace; In this episode…; Fasting; Early life; Advice to Young People; Journey in the Himalayas; Becoming a monk; RSS and Hindu nationalism; Explaining India; Mahatma Gandhi; Path to peace in Ukraine; India and Pakistan; Cricket and Football; Donald Trump; China and Xi Jinping; Gujarat riots in 2002; Biggest democracy in the world; Power; Hard work; Srinivasa Ramanujan; Decision-making process; AI; Education; Learning and focus; Mantra; Meditation; Lex visiting India; Siddhartha
461,Theprimeagen,"Programming, AI, ADHD, Productivity, Addiction, and God",Programming; AI; ADHD; Productivity; Addiction; and God,"Love for programming; Hardest part of programming; Types of programming; Life story; Hardship; High school; Porn addiction; God; Perseverance; Netflix; Groovy; Printf() debugging; Falcor; Breaking production; Pieter Levels; Netflix, Twitch, and YouTube infrastructure; ThePrimeagen origin story; Learning programming languages; Best programming languages in 2025; Python; HTML & CSS; Bash; FFmpeg; Performance; Rust; Epic projects; Asserts; ADHD; Productivity; Programming setup; Coffee; Programming with AI; Advice for young programmers; Reddit questions; God","Programming; AI; ADHD; Productivity; Addiction; and God; Love for programming; Hardest part of programming; Types of programming; Life story; Hardship; High school; Porn addiction; God; Perseverance; Netflix; Groovy; Printf() debugging; Falcor; Breaking production; Pieter Levels; Netflix, Twitch, and YouTube infrastructure; ThePrimeagen origin story; Learning programming languages; Best programming languages in 2025; Python; HTML & CSS; Bash; FFmpeg; Performance; Rust; Epic projects; Asserts; ADHD; Productivity; Programming setup; Coffee; Programming with AI; Advice for young programmers; Reddit questions; God"
462,Ezra Klein And Derek Thompson,"Politics, Trump, AOC, Elon & DOGE",Politics; Trump; AOC; Elon; DOGE,"Episode highlight; Left-wing vs right-wing politics; Political leaders on the left and the right; Internal political divisions; AOC; Political realignment; Supply-side progressivism; Wealth redistribution; Housing problem; Regulation and deregulation; DOGE, Elon, and Trump; Sam Harris; Future of America","Politics; Trump; AOC; Elon; DOGE; Episode highlight; Left-wing vs right-wing politics; Political leaders on the left and the right; Internal political divisions; AOC; Political realignment; Supply-side progressivism; Wealth redistribution; Housing problem; Regulation and deregulation; DOGE, Elon, and Trump; Sam Harris; Future of America"
463,Douglas Murray,"Putin, Zelenskyy, Trump, Israel, Netanyahu, Hamas & Gaza",Putin; Zelenskyy; Trump; Israel; Netanyahu; Hamas; Gaza,Episode highlight; War in Ukraine; Trump and Zelenskyy; Putin; Peace; Zelenskyy; Israel-Palestine; Hamas; Corruption; Gaza; Benjamin Netanyahu; Hate; Iran; Interview advice; War,Putin; Zelenskyy; Trump; Israel; Netanyahu; Hamas; Gaza; Episode highlight; War in Ukraine; Trump and Zelenskyy; Putin; Peace; Zelenskyy; Israel-Palestine; Hamas; Corruption; Gaza; Benjamin Netanyahu; Hate; Iran; Interview advice; War
464,Dave Smith,"Israel, Ukraine, Epstein, Mossad, Conspiracies & Antisemitism",Israel; Ukraine; Epstein; Mossad; Conspiracies; Antisemitism,Episode highlight; Libertarianism; Ron Paul; Military–industrial complex; War on Terror; China and Taiwan; Just war theory; Israel and Gaza; Douglas Murray; Hamas; Hitler and Stalin; Darryl Cooper; Antisemitism; World leaders; Jeffrey Epstein; Sam Harris; Ukraine and Russia; Joe Rogan; Conspiracy theories; Hope,Israel; Ukraine; Epstein; Mossad; Conspiracies; Antisemitism; Episode highlight; Libertarianism; Ron Paul; Military–industrial complex; War on Terror; China and Taiwan; Just war theory; Israel and Gaza; Douglas Murray; Hamas; Hitler and Stalin; Darryl Cooper; Antisemitism; World leaders; Jeffrey Epstein; Sam Harris; Ukraine and Russia; Joe Rogan; Conspiracy theories; Hope
465,Robert Rodriguez,"Sin City, Desperado, El Mariachi, Alita, and Filmmaking",Sin City; Desperado; El Mariachi; Alita; and Filmmaking,Episode highlight; Explosions and having only one take; Success and failure; Filmmaking on a low budget; El Mariachi; Creativity; Limitations; Handling criticism; Action films; Quentin Tarantino; Desperado; Salma Hayek; Danny Trejo; Filming in Austin; Editing; Sound design; Deadlines; Alita: Battle Angel; James Cameron; Sin City; Manifesting; Memories and journaling; Mortality,Sin City; Desperado; El Mariachi; Alita; and Filmmaking; Episode highlight; Explosions and having only one take; Success and failure; Filmmaking on a low budget; El Mariachi; Creativity; Limitations; Handling criticism; Action films; Quentin Tarantino; Desperado; Salma Hayek; Danny Trejo; Filming in Austin; Editing; Sound design; Deadlines; Alita: Battle Angel; James Cameron; Sin City; Manifesting; Memories and journaling; Mortality
466,Jeffrey Wasserstrom,"China, Xi Jinping, Trade War, Taiwan, Hong Kong, Mao",China; Xi Jinping; Trade War; Taiwan; Hong Kong; Mao,Xi Jinping and Mao Zedong; Confucius; Education; Tiananmen Square; Tank Man; Censorship; Xi Jinping; Donald Trump; Trade war; Taiwan; Protests in Hong Kong; Mao Zedong; Future of China,China; Xi Jinping; Trade War; Taiwan; Hong Kong; Mao; Xi Jinping and Mao Zedong; Confucius; Education; Tiananmen Square; Tank Man; Censorship; Xi Jinping; Donald Trump; Trade war; Taiwan; Protests in Hong Kong; Mao Zedong; Future of China
467,Tim Sweeney,"Fortnite, Unreal Engine, and the Future of Gaming",Fortnite; Unreal Engine; and the Future of Gaming,"Episode highlight; 10,000 hours programming; Advice for young programmers; Video games in the 80s and 90s; Epic Games origin story; Indie game development; Unreal Engine; Technical details of Unreal Engine; Constructive solid geometry; Dynamic lighting; Volumetric fog; John Carmack; Evolution of Unreal Engine; Unreal Engine 5; Creating realistic humans; Lumen global illumination; Movies; Simulating reality; Metaverse; Fortnite; Scaling; Game economies; Standardizing the Metaverse; Verse programming language; Concurrency; Unreal Engine 6; Indie game developers; Apple; Epic Games Store; Future of gaming; Greatest games ever made; GTA 6 and Rockstar Games; Hope for the future","Fortnite; Unreal Engine; and the Future of Gaming; Episode highlight; 10,000 hours programming; Advice for young programmers; Video games in the 80s and 90s; Epic Games origin story; Indie game development; Unreal Engine; Technical details of Unreal Engine; Constructive solid geometry; Dynamic lighting; Volumetric fog; John Carmack; Evolution of Unreal Engine; Unreal Engine 5; Creating realistic humans; Lumen global illumination; Movies; Simulating reality; Metaverse; Fortnite; Scaling; Game economies; Standardizing the Metaverse; Verse programming language; Concurrency; Unreal Engine 6; Indie game developers; Apple; Epic Games Store; Future of gaming; Greatest games ever made; GTA 6 and Rockstar Games; Hope for the future"
468,Janna Levin,"Black Holes, Wormholes, Aliens, Paradoxes & Extra Dimensions",Black Holes; Wormholes; Aliens; Paradoxes; Extra Dimensions,"Episode highlight; Black holes; Formation of black holes; Oppenheimer and the Atomic Bomb; Inside the black hole; Supermassive black holes; Physics of spacetime; General relativity; Gravity; Information paradox; Fuzzballs & soft hair; ER = EPR; Firewall; Extra dimensions; Aliens; Wormholes; Dark matter and dark energy; Gravitational waves; Alan Turing and Kurt Godel; Grigori Perelman, Andrew Wiles, and Terence Tao; Art and science; The biggest mystery","Black Holes; Wormholes; Aliens; Paradoxes; Extra Dimensions; Episode highlight; Black holes; Formation of black holes; Oppenheimer and the Atomic Bomb; Inside the black hole; Supermassive black holes; Physics of spacetime; General relativity; Gravity; Information paradox; Fuzzballs & soft hair; ER = EPR; Firewall; Extra dimensions; Aliens; Wormholes; Dark matter and dark energy; Gravitational waves; Alan Turing and Kurt Godel; Grigori Perelman, Andrew Wiles, and Terence Tao; Art and science; The biggest mystery"
469,Oliver Anthony,"Country Music, Blue-Collar America, Fame, Money, and Pain",Country Music; Blue-Collar America; Fame; Money; and Pain,"Open mics; Mainstream country music; Fame; Music vs politics; Rich Men North of Richmond; Popularity, money, and integrity; Blue-collar people; Depression; Nature; Three-legged cat; I Want to Go Home (live performance); Guitar backstory; Playing live this year","Country Music; Blue-Collar America; Fame; Money; and Pain; Open mics; Mainstream country music; Fame; Music vs politics; Rich Men North of Richmond; Popularity, money, and integrity; Blue-collar people; Depression; Nature; Three-legged cat; I Want to Go Home (live performance); Guitar backstory; Playing live this year"
470,James Holland,"World War II, Hitler, Churchill, Stalin & Biggest Battles",World War II; Hitler; Churchill; Stalin; Biggest Battles,Episode highlight; World War II; Lebensraum and Hitler ideology; Operation Barbarossa; Hitler vs Europe; Joseph Goebbels; Hitler before WW2; Hitler vs Chamberlain; Invasion of Poland; Molotov–Ribbentrop Pact; Winston Churchill; Most powerful military in WW2; Tanks; Battle of Stalingrad; Concentration camps; Battle of Normandy; Lessons from WW2,World War II; Hitler; Churchill; Stalin; Biggest Battles; Episode highlight; World War II; Lebensraum and Hitler ideology; Operation Barbarossa; Hitler vs Europe; Joseph Goebbels; Hitler before WW2; Hitler vs Chamberlain; Invasion of Poland; Molotov–Ribbentrop Pact; Winston Churchill; Most powerful military in WW2; Tanks; Battle of Stalingrad; Concentration camps; Battle of Normandy; Lessons from WW2
471,Sundar Pichai,CEO of Google and Alphabet,CEO of Google; Alphabet,Episode highlight; Growing up in India; Advice for young people; Styles of leadership; Impact of AI in human history; Veo 3 and future of video; Scaling laws; AGI and ASI; P(doom); Toughest leadership decisions; AI mode vs Google Search; Google Chrome; Programming; Android; Questions for AGI; Future of humanity; Demo: Google Beam; Demo: Google XR Glasses; Biggest invention in human history,CEO of Google; Alphabet; Episode highlight; Growing up in India; Advice for young people; Styles of leadership; Impact of AI in human history; Veo 3 and future of video; Scaling laws; AGI and ASI; P(doom); Toughest leadership decisions; AI mode vs Google Search; Google Chrome; Programming; Android; Questions for AGI; Future of humanity; Demo: Google Beam; Demo: Google XR Glasses; Biggest invention in human history
472,Terence Tao,"Hardest Problems in Mathematics, Physics & the Future of AI",Hardest Problems in Mathematics; Physics; the Future of AI,First hard problem; Navier–Stokes singularity; Game of life; Infinity; Math vs Physics; Nature of reality; Theory of everything; General relativity; Solving difficult problems; AI-assisted theorem proving; Lean programming language; DeepMind’s AlphaProof; Human mathematicians vs AI; AI winning the Fields Medal; Grigori Perelman; Twin Prime Conjecture; Collatz conjecture; P = NP; Fields Medal; Andrew Wiles and Fermat’s Last Theorem; Productivity; Advice for young people; The greatest mathematician of all time,Hardest Problems in Mathematics; Physics; the Future of AI; First hard problem; Navier–Stokes singularity; Game of life; Infinity; Math vs Physics; Nature of reality; Theory of everything; General relativity; Solving difficult problems; AI-assisted theorem proving; Lean programming language; DeepMind’s AlphaProof; Human mathematicians vs AI; AI winning the Fields Medal; Grigori Perelman; Twin Prime Conjecture; Collatz conjecture; P = NP; Fields Medal; Andrew Wiles and Fermat’s Last Theorem; Productivity; Advice for young people; The greatest mathematician of all time
473,Iran War Debate,"Nuclear Weapons, Trump, Peace, Power & the Middle East",Nuclear Weapons; Trump; Peace; Power; the Middle East,Episode highlight; Iran-Israel War; Iran’s Nuclear Program; Nuclear weapons and uranium; Nuclear deal; Iran Nuclear Archive; Best case and worst case near-term future; US attack on Iran; Nuclear proliferation in the future; Libertarianism; Foundation for Defense of Democracies (FDD); Trump and Peacemaking process; WW2; WW3,Nuclear Weapons; Trump; Peace; Power; the Middle East; Episode highlight; Iran-Israel War; Iran’s Nuclear Program; Nuclear weapons and uranium; Nuclear deal; Iran Nuclear Archive; Best case and worst case near-term future; US attack on Iran; Nuclear proliferation in the future; Libertarianism; Foundation for Defense of Democracies (FDD); Trump and Peacemaking process; WW2; WW3
474,Dhh David Heinemeier Hansson,"DHH Future of Programming, AI, Ruby on Rails, Productivity & Parenting",DHH Future of Programming; AI; Ruby on Rails; Productivity; Parenting,Episode highlight; Programming; JavaScript; Google Chrome and DOJ; Ruby programming language; Beautiful code; Metaprogramming; Dynamic typing; Scaling; Future of programming; Future of AI; Vibe coding; Rails manifesto: Principles of a great programming language; Why managers are useless; Small teams; Jeff Bezos; Why meetings are toxic; Case against retirement; Hard work; Why we left the cloud; AWS; Owning your own servers; Elon Musk; Apple; Tim Sweeney; Fatherhood; Racing; Cars; Programming setup; Programming language for beginners; Open source; WordPress drama; Money and happiness; Hope,DHH Future of Programming; AI; Ruby on Rails; Productivity; Parenting; Episode highlight; Programming; JavaScript; Google Chrome and DOJ; Ruby programming language; Beautiful code; Metaprogramming; Dynamic typing; Scaling; Future of programming; Future of AI; Vibe coding; Rails manifesto: Principles of a great programming language; Why managers are useless; Small teams; Jeff Bezos; Why meetings are toxic; Case against retirement; Hard work; Why we left the cloud; AWS; Owning your own servers; Elon Musk; Apple; Tim Sweeney; Fatherhood; Racing; Cars; Programming setup; Programming language for beginners; Open source; WordPress drama; Money and happiness; Hope
475,Demis Hassabis,"Future of AI, Simulating Reality, Physics and Video Games",Future of AI; Simulating Reality; Physics; Video Games,Episode highlight; Learnable patterns in nature; Computation and P vs NP; Veo 3 and understanding reality; Video games; AlphaEvolve; AI research; Simulating a biological organism; Origin of life; Path to AGI; Scaling laws; Compute; Future of energy; Human nature; Google and the race to AGI; Competition and AI talent; Future of programming; John von Neumann; p(doom); Humanity; Consciousness and quantum computation; David Foster Wallace; Education and research,Future of AI; Simulating Reality; Physics; Video Games; Episode highlight; Learnable patterns in nature; Computation and P vs NP; Veo 3 and understanding reality; Video games; AlphaEvolve; AI research; Simulating a biological organism; Origin of life; Path to AGI; Scaling laws; Compute; Future of energy; Human nature; Google and the race to AGI; Competition and AI talent; Future of programming; John von Neumann; p(doom); Humanity; Consciousness and quantum computation; David Foster Wallace; Education and research
476,Jack Weatherford,Genghis Khan and the Mongol Empire,Genghis Khan; the Mongol Empire,Origin story of Genghis Khan; Early battles & conquests; Power; Secret History; Mongolian steppe; Mounted archery and horse-riding; Genghis Khan’s army; Military tactics and strategy; Wars of conquest; Dan Carlin; Religious freedom; Trade and the Silk Road; Weapons innovation; Kublai Khan and conquering China; Fall of the Mongol Empire; Genetic legacy; Lessons from Genghis Khan; Human nature; Visiting Mongolia; Lex: Dan Carlin; Lex: Gaza,Genghis Khan; the Mongol Empire; Origin story of Genghis Khan; Early battles & conquests; Power; Secret History; Mongolian steppe; Mounted archery and horse-riding; Genghis Khan’s army; Military tactics and strategy; Wars of conquest; Dan Carlin; Religious freedom; Trade and the Silk Road; Weapons innovation; Kublai Khan and conquering China; Fall of the Mongol Empire; Genetic legacy; Lessons from Genghis Khan; Human nature; Visiting Mongolia; Lex: Dan Carlin; Lex: Gaza
477,Keyu Jin,"China's Economy, Tariffs, Trade, Trump, Communism & Capitalism",China's Economy; Tariffs; Trade; Trump; Communism; Capitalism,Misconceptions about China; Education in China; Economic reforms of Deng Xiaoping; Mayor economy and GDP growth race; Growing up in China; First time in the US; China’s government vs business sector; Communism and capitalism; Jack Ma; China’s view on innovation and copying ideas; DeepSeek moment; CHIPS Act; Tariffs and Trade; Immigration; Taiwan; One-child policy; China’s economy collapse predictions; Advice for visiting China,China's Economy; Tariffs; Trade; Trump; Communism; Capitalism; Misconceptions about China; Education in China; Economic reforms of Deng Xiaoping; Mayor economy and GDP growth race; Growing up in China; First time in the US; China’s government vs business sector; Communism and capitalism; Jack Ma; China’s view on innovation and copying ideas; DeepSeek moment; CHIPS Act; Tariffs and Trade; Immigration; Taiwan; One-child policy; China’s economy collapse predictions; Advice for visiting China
479,Dave Plummer,"Programming, Autism, and Old-School Microsoft Stories",Programming; Autism; and Old-School Microsoft Stories,First computer; Dropping out of high-school; Joining Microsoft; MS-DOS; Windows 95; The man behind Windows; Debugging; Task Manager; 3D Pinball: Space Cadet; Start menu and taskbar; Blue Screen of Death; Best programmers; Scariest time of Dave’s life; Best Windows version; Slot machines; Autism and ADHD; Fastest programming language; Future of programming,Programming; Autism; and Old-School Microsoft Stories; First computer; Dropping out of high-school; Joining Microsoft; MS-DOS; Windows 95; The man behind Windows; Debugging; Task Manager; 3D Pinball: Space Cadet; Start menu and taskbar; Blue Screen of Death; Best programmers; Scariest time of Dave’s life; Best Windows version; Slot machines; Autism and ADHD; Fastest programming language; Future of programming
480,Dave Hone,"T-Rex, Dinosaurs, Extinction, Evolution, and Jurassic Park",T-Rex; Dinosaurs; Extinction; Evolution; and Jurassic Park,Episode highlight; T-Rex’s size & biomechanics; T-Rex’s hunting strategies; History of dinosaurs on Earth; $31.8 million T-Rex fossil; T-Rex’s skull and bone-crushing bite force; What Jurassic Park got wrong; Evolution and sexual selection; Spinosaurus; What Jurassic Park got right; T-Rex’s intelligence; Cannibalism among T-Rex; Extinction of the dinosaurs; Dragons; Birds are dinosaurs; Future of paleontology,T-Rex; Dinosaurs; Extinction; Evolution; and Jurassic Park; Episode highlight; T-Rex’s size & biomechanics; T-Rex’s hunting strategies; History of dinosaurs on Earth; $31.8 million T-Rex fossil; T-Rex’s skull and bone-crushing bite force; What Jurassic Park got wrong; Evolution and sexual selection; Spinosaurus; What Jurassic Park got right; T-Rex’s intelligence; Cannibalism among T-Rex; Extinction of the dinosaurs; Dragons; Birds are dinosaurs; Future of paleontology
481,Norman Ohler,"Hitler, Nazis, Drugs, WW2, Blitzkrieg, LSD, MKUltra & CIA",Hitler; Nazis; Drugs; WW2; Blitzkrieg; LSD; MKUltra; CIA,"Episode highlight; Drugs in post-WWI Germany; Nazi rise to power; Hitler’s drug use; Response to historian criticism; Pervitin; Blitzkrieg and meth; Erwin Rommel (Crystal Fox); Dunkirk; Hitler’s drug addiction; Methamphetamine; Invasion of Soviet Union; Cocaine; Hitler’s last days; German resistance against Nazis; Totalitarianism; Stoned Sapiens; Religion; LSD, CIA, and MKUltra; Writing on drugs; Berlin night clubs; Greatest book ever written","Hitler; Nazis; Drugs; WW2; Blitzkrieg; LSD; MKUltra; CIA; Episode highlight; Drugs in post-WWI Germany; Nazi rise to power; Hitler’s drug use; Response to historian criticism; Pervitin; Blitzkrieg and meth; Erwin Rommel (Crystal Fox); Dunkirk; Hitler’s drug addiction; Methamphetamine; Invasion of Soviet Union; Cocaine; Hitler’s last days; German resistance against Nazis; Totalitarianism; Stoned Sapiens; Religion; LSD, CIA, and MKUltra; Writing on drugs; Berlin night clubs; Greatest book ever written"
482,Pavel Durov,"Telegram, Freedom, Censorship, Money, Power & Human Nature",Telegram; Freedom; Censorship; Money; Power; Human Nature,"Philosophy of freedom; No alcohol; No phone; Discipline; Telegram: Lean philosophy, privacy, and geopolitics; Arrest in France; Romanian elections; Power and corruption; Intense education; Nikolai Durov; Programming and video games; VK origins & engineering; Hiring a great team; Telegram engineering & design; Encryption; Open source; Edward Snowden; Intelligence agencies; Iran and Russia government pressure; Apple; Poisoning; Money; TON; Bitcoin; Two chairs dilemma; Children; Father; Quantum immortality; Kafka","Telegram; Freedom; Censorship; Money; Power; Human Nature; Philosophy of freedom; No alcohol; No phone; Discipline; Telegram: Lean philosophy, privacy, and geopolitics; Arrest in France; Romanian elections; Power and corruption; Intense education; Nikolai Durov; Programming and video games; VK origins & engineering; Hiring a great team; Telegram engineering & design; Encryption; Open source; Edward Snowden; Intelligence agencies; Iran and Russia government pressure; Apple; Poisoning; Money; TON; Bitcoin; Two chairs dilemma; Children; Father; Quantum immortality; Kafka"
483,Julia Shaw,"Criminal Psychology of Murder, Serial Killers, Memory & Sex",Criminal Psychology of Murder; Serial Killers; Memory; Sex,Episode highlight; Dark Tetrad; Serial killers; Murder; Lies and scams; Jealousy; Monogamy; Sexuality; Sexual fetishes; Criminal psychology; False memories; Criminals destroying the planet; Hope,Criminal Psychology of Murder; Serial Killers; Memory; Sex; Episode highlight; Dark Tetrad; Serial killers; Murder; Lies and scams; Jealousy; Monogamy; Sexuality; Sexual fetishes; Criminal psychology; False memories; Criminals destroying the planet; Hope
484,Dan Houser,"GTA, Red Dead Redemption, Rockstar, Absurd & Future of Gaming",GTA; Red Dead Redemption; Rockstar; Absurd; Future of Gaming,Episode highlight; Greatest films of all time; Making video games; GTA 3; Open world video games; Character creation; Superintelligent AI in A Better Paradise; Can LLMs write video games?; Creating GTA 4 and GTA 5; Hard work and Rockstar’s culture of excellence; GTA 6; Red Dead Redemption 2; DLCs for GTA and Red Dead Redemption; Leaving Rockstar Games; Greatest game of all time; Life lessons from father; Mortality; Advice for young people; Future of video games,GTA; Red Dead Redemption; Rockstar; Absurd; Future of Gaming; Episode highlight; Greatest films of all time; Making video games; GTA 3; Open world video games; Character creation; Superintelligent AI in A Better Paradise; Can LLMs write video games?; Creating GTA 4 and GTA 5; Hard work and Rockstar’s culture of excellence; GTA 6; Red Dead Redemption 2; DLCs for GTA and Red Dead Redemption; Leaving Rockstar Games; Greatest game of all time; Life lessons from father; Mortality; Advice for young people; Future of video games
485,David Kirtley,"Nuclear Fusion, Plasma Physics, and the Future of Energy",Nuclear Fusion; Plasma Physics; and the Future of Energy,Nuclear fission vs fusion; Physics of E=mc^2; Is nuclear fusion safe?; Chernobyl; Geopolitics; Extreme scenarios; How nuclear fusion works; Extreme temperatures; Fusion control and simulation; Electricity from fusion; First fusion power plant in 2028; Energy needs of GPU clusters; Kardashev scale; Fermi Paradox,Nuclear Fusion; Plasma Physics; and the Future of Energy; Nuclear fission vs fusion; Physics of E=mc^2; Is nuclear fusion safe?; Chernobyl; Geopolitics; Extreme scenarios; How nuclear fusion works; Extreme temperatures; Fusion control and simulation; Electricity from fusion; First fusion power plant in 2028; Energy needs of GPU clusters; Kardashev scale; Fermi Paradox
486,Michael Levin,Hidden Reality of Alien Intelligence & Biological Life,Hidden Reality of Alien Intelligence; Biological Life,Biological intelligence; Living vs non-living organisms; Origin of life; The search for alien life (on Earth); Creating life in the lab; Memories and ideas are living organisms; Reality is an illusion: The brain is an interface to a hidden reality; Unexpected intelligence of sorting algorithms; Can aging be reversed?; Mind uploading; Alien intelligence; Advice for young people; Questions for AGI,Hidden Reality of Alien Intelligence; Biological Life; Biological intelligence; Living vs non-living organisms; Origin of life; The search for alien life (on Earth); Creating life in the lab; Memories and ideas are living organisms; Reality is an illusion: The brain is an interface to a hidden reality; Unexpected intelligence of sorting algorithms; Can aging be reversed?; Mind uploading; Alien intelligence; Advice for young people; Questions for AGI
487,Irving Finkel,Deciphering Secrets of Ancient Civilizations & Flood Myths,Deciphering Secrets of Ancient Civilizations; Flood Myths,Origins of human language; Cuneiform; Controversial theory about Göbekli Tepe; How to write and speak Cuneiform; Primitive human language; Development of writing systems; Decipherment of Cuneiform; Limits of language; Art of translation; Gods; Ghosts; Ancient flood stories; Noah’s Ark; The Royal Game of Ur; British Museum; Evolution of human civilization,Deciphering Secrets of Ancient Civilizations; Flood Myths; Origins of human language; Cuneiform; Controversial theory about Göbekli Tepe; How to write and speak Cuneiform; Primitive human language; Development of writing systems; Decipherment of Cuneiform; Limits of language; Art of translation; Gods; Ghosts; Ancient flood stories; Noah’s Ark; The Royal Game of Ur; British Museum; Evolution of human civilization
488,Joel David Hamkins,"Infinity, Paradoxes that Broke Mathematics, Gödel Incompleteness & the Multiverse",Infinity; Paradoxes that Broke Mathematics; Gödel Incompleteness; the Multiverse,Infinity & paradoxes; Russell’s paradox; Gödel’s incompleteness theorems; Truth vs proof; The Halting Problem; Does infinity exist?; MathOverflow; The Continuum Hypothesis; Hardest problems in mathematics; Mathematical multiverse; Surreal numbers; Conway’s Game of Life; Computability theory; P vs NP; Greatest mathematicians in history; Infinite chess; Most beautiful idea in mathematics,Infinity; Paradoxes that Broke Mathematics; Gödel Incompleteness; the Multiverse; Infinity & paradoxes; Russell’s paradox; Gödel’s incompleteness theorems; Truth vs proof; The Halting Problem; Does infinity exist?; MathOverflow; The Continuum Hypothesis; Hardest problems in mathematics; Mathematical multiverse; Surreal numbers; Conway’s Game of Life; Computability theory; P vs NP; Greatest mathematicians in history; Infinite chess; Most beautiful idea in mathematics
489,Paul Rosolie,Uncontacted Tribes in the Amazon Jungle,Uncontacted Tribes in the Amazon Jungle,"Episode highlight; Uncontacted tribes in the Amazon Jungle; Intense new encounter; Never-before-seen footage of tribe warriors; The mysteries of the jungle; Tribe’s diet: Monkeys, turtles, and turtle eggs; Jane Goodall; Advice for young people; Cartel, Narco-traffickers & assassination attempts; Climbing the giant tree; Giant anaconda; Rescuing a spider monkey; Dangerous animal encounters; Writing, journaling, and great writer inspirations","Uncontacted Tribes in the Amazon Jungle; Episode highlight; Uncontacted tribes in the Amazon Jungle; Intense new encounter; Never-before-seen footage of tribe warriors; The mysteries of the jungle; Tribe’s diet: Monkeys, turtles, and turtle eggs; Jane Goodall; Advice for young people; Cartel, Narco-traffickers & assassination attempts; Climbing the giant tree; Giant anaconda; Rescuing a spider monkey; Dangerous animal encounters; Writing, journaling, and great writer inspirations"
